{
	"partitions" : [
		{
			"name" : "Top",
			"pins" : [
				{
					"name" : "rdgrant_n",
					"strict" : false
				},
				{
					"name" : "gogrant_n",
					"strict" : false
				},
				{
					"name" : "finish_n",
					"strict" : false
				},
				{
					"name" : "seg[0]",
					"strict" : false
				},
				{
					"name" : "seg[1]",
					"strict" : false
				},
				{
					"name" : "seg[2]",
					"strict" : false
				},
				{
					"name" : "seg[3]",
					"strict" : false
				},
				{
					"name" : "seg[4]",
					"strict" : false
				},
				{
					"name" : "seg[5]",
					"strict" : false
				},
				{
					"name" : "seg[6]",
					"strict" : false
				},
				{
					"name" : "seg[7]",
					"strict" : false
				},
				{
					"name" : "dig[0]",
					"strict" : false
				},
				{
					"name" : "dig[1]",
					"strict" : false
				},
				{
					"name" : "dig[2]",
					"strict" : false
				},
				{
					"name" : "dig[3]",
					"strict" : false
				},
				{
					"name" : "rst_n",
					"strict" : false
				},
				{
					"name" : "rdreq_n",
					"strict" : false
				},
				{
					"name" : "clk_in",
					"strict" : false
				},
				{
					"name" : "goreq_n",
					"strict" : false
				},
				{
					"name" : "ncol_n",
					"strict" : false
				},
				{
					"name" : "nrow_n",
					"strict" : false
				},
				{
					"name" : "altera_reserved_tms",
					"strict" : false
				},
				{
					"name" : "altera_reserved_tck",
					"strict" : false
				},
				{
					"name" : "altera_reserved_tdi",
					"strict" : false
				},
				{
					"name" : "altera_reserved_tdo",
					"strict" : false
				}
			]
		}
	]
}